input_id,intial_welcome,name,addTask,createSchedule,displaySchedule,removeTask,addExam,removeExam
1,0.001,0.0001,0.9735396177,0.89,0.1311040579,0.8747958195,0.4653097002,0.2118493251
2,0.6051971918,0.7204391191,0.6396473191,0.1741767936,0.91,0.9521829338,0.135055891,0.7499331789
3,0.1776334271,0.5324134546,0.6358194481,0.726931998,0.97,0.5442818727,0.5530255368,0.322569745
4,0.4578515103,0.3875506212,0.02061818494,0.9827052554,0.4694741388,0.2941317413,0.83,0.821683761
5,0.7800404912,0.0248514304,0.89,0.8828049143,0.8029325392,0.6435096572,0.4562,0.3642282544